j,Symbol,Name,SVFA,SB,SMEOL,CB,XB,"XB,e",SU,CU,XU,"XPHA,PAO","XPHA,GAO",XE,"XE,ana",XOHO,XCASTO,XMEOLO,XAOB,XNOB,XAMX,XAMETO,XHMETO,XALGAE,SNHx,SNO2,SNO3,SN2,"SN,B","XN,B","XN,Be","XN,U",SPO4,XPP,"SP,B","XP,B","XP,Be","XP,U",SO2,SCH4,SH2,SCO2,XINORG,SCAT,SAN,SCa,SMg,SK,SFe2,"XHFO,H","XHFO,L","XHFO,old","XHFO,H,P","XHFO,L,P","XHFO,H,P,old","XHFO,L,P,old","XHAO,H","XHAO,L","XHAO,old","XHAO,H,P","XHAO,L,P","XHAO,H,P,old","XHAO,L,P,old",XCaCO3,XACP,XBSH,XSTR,XVivi,SPFOA,XPFOA,SPFOS,XPFOS,SH,SALPHA,SORPswitch,GCO2,GCH4,GH2,GO2,GNH3,GN2,"GCO2,atm","GCH4,atm","GH2,atm","GO2,atm","GNH3,atm","GN2,atm",Rate,Unit,Reaction,Rule
1,r1,"OHO growth on VFAs, O2","-1/YOHO,VFA,ox",,,,,,,,,,,,,1,,,,,,,,,"-iN,BIO",,,,,,,,"-iP,BIO",,,,,,"-(1-YOHO,VFA,ox)/YOHO,VFA,ox",,,"iCIT,VFA/YOHO,VFA,ox-iCIT,BIO",iINORG,"-iINORG*(1-iCa,INORG*(AMCa+2*AMCl)/AMCa-iMg,INORG*(AMMg+2*AMCl)/AMMg)*fNa","-iINORG*(iCa,INORG*(2*AMCl)/AMCa+iMg,INORG*(2*AMCl)/AMMg)-iINORG*(1-iCa,INORG*(AMCa+2*AMCl)/AMCa-iMg,INORG*(AMMg+2*AMCl)/AMMg)*(1-fNa)","-iINORG*iCa,INORG","-iINORG*iMg,INORG",,,,,,,,,,,,,,,,,,,,,,,,,,,,,,,,,,,,,,,,,"?OHO,T*XOHO*MsatSVFA,KVFA*MsatSO2,KO2,OHO*MsatSNHx,KNHx,BIO*MsatSPO4,KPO4,BIO*MsatSCAT,KCAT*MsatSAN,KAN*MsatSCa,KCa*MsatSMg,KMg*BellinhpH",g.m-3.d-1,,
2,r2,"OHO growth on VFAs, NO2","-1/YOHO,VFA,anox",,,,,,,,,,,,,1,,,,,,,,,"-iN,BIO","-(1-YOHO,VFA,anox)/(EEQN2,NO2*YOHO,VFA,anox)",,"(1-YOHO,VFA,anox)/(EEQN2,NO2*YOHO,VFA,anox)",,,,,"-iP,BIO",,,,,,,,,"iCIT,VFA/YOHO,VFA,anox-iCIT,BIO",iINORG,"-iINORG*(1-iCa,INORG*(AMCa+2*AMCl)/AMCa-iMg,INORG*(AMMg+2*AMCl)/AMMg)*fNa","-iINORG*(iCa,INORG*(2*AMCl)/AMCa+iMg,INORG*(2*AMCl)/AMMg)-iINORG*(1-iCa,INORG*(AMCa+2*AMCl)/AMCa-iMg,INORG*(AMMg+2*AMCl)/AMMg)*(1-fNa)","-iINORG*iCa,INORG","-iINORG*iMg,INORG",,,,,,,,,,,,,,,,,,,,,,,,,,,,,,,,,,,,,,,,,"?OHO,T*XOHO*ηOHO,anox,NO2red*MsatSVFA,KVFA*MsatSNO2,KNO2,OHO*(LoginhSNO3,KNO3,OHO*LoginhSVFA,KVFA,OHO,SNO2+LogsatSVFA,KVFA,OHO,SNO2)*MinhSO2,KO2,OHO*MsatSNHx,KNHx,BIO*MsatSPO4,KPO4,BIO*MsatSCAT,KCAT*MsatSAN,KAN*MsatSCa,KCa*MsatSMg,KMg*BellinhpH",g.m-3.d-1,,
3,r3,"OHO growth on VFAs, NO3","-1/YOHO,VFA,anox",,,,,,,,,,,,,1,,,,,,,,,"-iN,BIO","(1-YOHO,VFA,anox)/(EEQNO2,NO3*YOHO,VFA,anox)","-(1-YOHO,VFA,anox)/(EEQNO2,NO3*YOHO,VFA,anox)",,,,,,"-iP,BIO",,,,,,,,,"iCIT,VFA/YOHO,VFA,anox-iCIT,BIO",iINORG,"-iINORG*(1-iCa,INORG*(AMCa+2*AMCl)/AMCa-iMg,INORG*(AMMg+2*AMCl)/AMMg)*fNa","-iINORG*(iCa,INORG*(2*AMCl)/AMCa+iMg,INORG*(2*AMCl)/AMMg)-iINORG*(1-iCa,INORG*(AMCa+2*AMCl)/AMCa-iMg,INORG*(AMMg+2*AMCl)/AMMg)*(1-fNa)","-iINORG*iCa,INORG","-iINORG*iMg,INORG",,,,,,,,,,,,,,,,,,,,,,,,,,,,,,,,,,,,,,,,,"?OHO,T*XOHO*ηOHO,anox*MsatSVFA,KVFA*LogsatSNO3,KNO3,OHO*(LoginhSVFA,KVFA,OHO,SNO2+MinhSNO2,KNO2,OHO*LogsatSVFA,KVFA,OHO,SNO2)*MinhSO2,KO2,OHO*MsatSNHx,KNHx,BIO*MsatSPO4,KPO4,BIO*MsatSCAT,KCAT*MsatSAN,KAN*MsatSCa,KCa*MsatSMg,KMg*BellinhpH",g.m-3.d-1,,
4,r4,"OHO growth on SB, O2",,"-1/YOHO,SB,ox",,,,,,,,,,,,1,,,,,,,,,"-iN,BIO",,,,,,,,"-iP,BIO",,,,,,"-(1-YOHO,SB,ox)/YOHO,SB,ox",,,"iCIT,SB/YOHO,SB,ox-iCIT,BIO",iINORG,"-iINORG*(1-iCa,INORG*(AMCa+2*AMCl)/AMCa-iMg,INORG*(AMMg+2*AMCl)/AMMg)*fNa","-iINORG*(iCa,INORG*(2*AMCl)/AMCa+iMg,INORG*(2*AMCl)/AMMg)-iINORG*(1-iCa,INORG*(AMCa+2*AMCl)/AMCa-iMg,INORG*(AMMg+2*AMCl)/AMMg)*(1-fNa)","-iINORG*iCa,INORG","-iINORG*iMg,INORG",,,,,,,,,,,,,,,,,,,,,,,,,,,,,,,,,,,,,,,,,"?OHO,T*XOHO*MsatSB,KSB*MinhSVFA,KVFA*MsatSO2,KO2,OHO*MsatSNHx,KNHx,BIO*MsatSPO4,KPO4,BIO*MsatSCAT,KCAT*MsatSAN,KAN*MsatSCa,KCa*MsatSMg,KMg*BellinhpH",g.m-3.d-1,,
5,r5,"OHO growth on SB, NO2",,"-1/YOHO,SB,anox",,,,,,,,,,,,1,,,,,,,,,"-iN,BIO","-(1-YOHO,SB,anox)/(EEQN2,NO2*YOHO,SB,anox)",,"(1-YOHO,SB,anox)/(EEQN2,NO2*YOHO,SB,anox)",,,,,"-iP,BIO",,,,,,,,,"iCIT,SB/YOHO,SB,anox-iCIT,BIO",iINORG,"-iINORG*(1-iCa,INORG*(AMCa+2*AMCl)/AMCa-iMg,INORG*(AMMg+2*AMCl)/AMMg)*fNa","-iINORG*(iCa,INORG*(2*AMCl)/AMCa+iMg,INORG*(2*AMCl)/AMMg)-iINORG*(1-iCa,INORG*(AMCa+2*AMCl)/AMCa-iMg,INORG*(AMMg+2*AMCl)/AMMg)*(1-fNa)","-iINORG*iCa,INORG","-iINORG*iMg,INORG",,,,,,,,,,,,,,,,,,,,,,,,,,,,,,,,,,,,,,,,,"?OHO,T*XOHO*ηOHO,anox*MsatSB,KSB*MinhSVFA,KVFA*MsatSNO2,KNO2,OHO*MinhSO2,KO2,OHO*MsatSNHx,KNHx,BIO*MsatSPO4,KPO4,BIO*MsatSCAT,KCAT*MsatSAN,KAN*MsatSCa,KCa*MsatSMg,KMg*BellinhpH",g.m-3.d-1,,
6,r6,"OHO growth on SB, NO3",,"-1/YOHO,SB,anox",,,,,,,,,,,,1,,,,,,,,,"-iN,BIO","(1-YOHO,SB,anox)/(EEQNO2,NO3*YOHO,SB,anox)","-(1-YOHO,SB,anox)/(EEQNO2,NO3*YOHO,SB,anox)",,,,,,"-iP,BIO",,,,,,,,,"iCIT,SB/YOHO,SB,anox-iCIT,BIO",iINORG,"-iINORG*(1-iCa,INORG*(AMCa+2*AMCl)/AMCa-iMg,INORG*(AMMg+2*AMCl)/AMMg)*fNa","-iINORG*(iCa,INORG*(2*AMCl)/AMCa+iMg,INORG*(2*AMCl)/AMMg)-iINORG*(1-iCa,INORG*(AMCa+2*AMCl)/AMCa-iMg,INORG*(AMMg+2*AMCl)/AMMg)*(1-fNa)","-iINORG*iCa,INORG","-iINORG*iMg,INORG",,,,,,,,,,,,,,,,,,,,,,,,,,,,,,,,,,,,,,,,,"?OHO,T*XOHO*ηOHO,anox*MsatSB,KSB*MinhSVFA,KVFA*MsatSNO3,KNO3,OHO*MinhSO2,KO2,OHO*MinhSNO2,KNO2,OHO*MsatSNHx,KNHx,BIO*MsatSPO4,KPO4,BIO*MsatSCAT,KCAT*MsatSAN,KAN*MsatSCa,KCa*MsatSMg,KMg*BellinhpH",g.m-3.d-1,,
7,r7,"SB fermentation with high VFA (OHO growth, anaerobic)","(1-YOHO,SB,ana-YOHO,H2,ana,high)/YOHO,SB,ana","-1/YOHO,SB,ana",,,,,,,,,,,,1,,,,,,,,,"-iN,BIO",,,,,,,,"-iP,BIO",,,,,,,,"YOHO,H2,ana,high/YOHO,SB,ana","(iCIT,SB-iCIT,VFA*(1-YOHO,SB,ana-YOHO,H2,ana,high)-iCIT,BIO*YOHO,SB,ana)/YOHO,SB,ana",iINORG,"-iINORG*(1-iCa,INORG*(AMCa+2*AMCl)/AMCa-iMg,INORG*(AMMg+2*AMCl)/AMMg)*fNa","-iINORG*(iCa,INORG*(2*AMCl)/AMCa+iMg,INORG*(2*AMCl)/AMMg)-iINORG*(1-iCa,INORG*(AMCa+2*AMCl)/AMCa-iMg,INORG*(AMMg+2*AMCl)/AMMg)*(1-fNa)","-iINORG*iCa,INORG","-iINORG*iMg,INORG",,,,,,,,,,,,,,,,,,,,,,,,,,,,,,,,,,,,,,,,,"?FERM,OHO,T*XOHO*LogsatSVFA,KVFA,FERM*MsatSB,KSB,ana*MinhSO2,KO2,OHO*MinhSNO2,KNO2,OHO*MinhSNO3,KNO3,OHO*MsatSNHx,KNHx,BIO*MsatSPO4,KPO4,BIO*MsatSCAT,KCAT*MsatSAN,KAN*MsatSCa,KCa*MsatSMg,KMg*BellinhpH",g.m-3.d-1,,
8,r8,"SB fermentation with low VFA (OHO growth, anaerobic)","(1-YOHO,SB,ana-YOHO,H2,ana,low)/YOHO,SB,ana","-1/YOHO,SB,ana",,,,,,,,,,,,1,,,,,,,,,"-iN,BIO",,,,,,,,"-iP,BIO",,,,,,,,"YOHO,H2,ana,low/YOHO,SB,ana","(iCIT,SB-iCIT,VFA*(1-YOHO,SB,ana-YOHO,H2,ana,low)-iCIT,BIO*YOHO,SB,ana)/YOHO,SB,ana",iINORG,"-iINORG*(1-iCa,INORG*(AMCa+2*AMCl)/AMCa-iMg,INORG*(AMMg+2*AMCl)/AMMg)*fNa","-iINORG*(iCa,INORG*(2*AMCl)/AMCa+iMg,INORG*(2*AMCl)/AMMg)-iINORG*(1-iCa,INORG*(AMCa+2*AMCl)/AMCa-iMg,INORG*(AMMg+2*AMCl)/AMMg)*(1-fNa)","-iINORG*iCa,INORG","-iINORG*iMg,INORG",,,,,,,,,,,,,,,,,,,,,,,,,,,,,,,,,,,,,,,,,"?FERM,OHO,T*XOHO*LoginhSVFA,KVFA,FERM*MsatSB,KSB,ana*MinhSO2,KO2,OHO*MinhSNO2,KNO2,OHO*MinhSNO3,KNO3,OHO*MsatSNHx,KNHx,BIO*MsatSPO4,KPO4,BIO*MsatSCAT,KCAT*MsatSAN,KAN*MsatSCa,KCa*MsatSMg,KMg*MsatSCO2,KCO2,BIO*BellinhpH",g.m-3.d-1,,
9,r9,"OHO growth on SMEOL, O2",,,"-1/YOHO,SMEOL,ox",,,,,,,,,,,1,,,,,,,,,"-iN,BIO",,,,,,,,"-iP,BIO",,,,,,"-(1-YOHO,SMEOL,ox)/YOHO,SMEOL,ox",,,"iCIT,MEOL/YOHO,SMEOL,ox-iCIT,BIO",iINORG,"-iINORG*(1-iCa,INORG*(AMCa+2*AMCl)/AMCa-iMg,INORG*(AMMg+2*AMCl)/AMMg)*fNa","-iINORG*(iCa,INORG*(2*AMCl)/AMCa+iMg,INORG*(2*AMCl)/AMMg)-iINORG*(1-iCa,INORG*(AMCa+2*AMCl)/AMCa-iMg,INORG*(AMMg+2*AMCl)/AMMg)*(1-fNa)","-iINORG*iCa,INORG","-iINORG*iMg,INORG",,,,,,,,,,,,,,,,,,,,,,,,,,,,,,,,,,,,,,,,,"?OHO,T*XOHO*MsatSMEOL,KMEOL,OHO*MsatSO2,KO2,OHO*MsatSNHx,KNHx,BIO*MsatSPO4,KPO4,BIO*MsatSCAT,KCAT*MsatSAN,KAN*MsatSCa,KCa*MsatSMg,KMg*BellinhpH",g.m-3.d-1,,
10,r10,OHO decay,,,,,,1-fE,,,,,,fE,,-1,,,,,,,,,"-fE*(iN,XE-iN,BIO)",,,,,,"(1-fE)*iN,BIO",,,,,,"(1-fE)*iP,BIO",,,,,"(1-fE)*(iCIT,BIO-iCIT,XBe)",,,,,,,,,,,,,,,,,,,,,,,,,,,,,,,,,,,,,,,,,,,,,,"bOHO,T*XOHO*(MsatSO2,KO2,OHO+ηb,anox*MsatSNO2,KNO2,OHO*MinhSO2,KO2,OHO+ηb,anox*MsatSNO3,KNO3,OHO*MinhSNO2,KNO2,OHO*MinhSO2,KO2,OHO)",g.m-3.d-1,,
11,r11,OHO anaerobic decay,,,,,,1-fE,,,,,,,fE,-1,,,,,,,,,"-fE*(iN,XE-iN,BIO)",,,,,,"(1-fE)*iN,BIO",,,,,,"(1-fE)*iP,BIO",,,,,"(1-fE)*(iCIT,BIO-iCIT,XBe)",,,,,,,,,,,,,,,,,,,,,,,,,,,,,,,,,,,,,,,,,,,,,,"bOHO,T*XOHO*ηb,ana*MinhSNO2,KNO2,OHO*MinhSNO3,KNO3,OHO*MinhSO2,KO2,OHO",g.m-3.d-1,,
12,r12,"MEOLO growth, NO2",,,-1/YMEOLO,,,,,,,,,,,,,1,,,,,,,"-iN,BIO","-(1-YMEOLO)/(EEQN2,NO2*YMEOLO)",,"(1-YMEOLO)/(EEQN2,NO2*YMEOLO)",,,,,"-iP,BIO",,,,,,,,,"iCIT,MEOL/YMEOLO-iCIT,BIO",iINORG,"-iINORG*(1-iCa,INORG*(AMCa+2*AMCl)/AMCa-iMg,INORG*(AMMg+2*AMCl)/AMMg)*fNa","-iINORG*(iCa,INORG*(2*AMCl)/AMCa+iMg,INORG*(2*AMCl)/AMMg)-iINORG*(1-iCa,INORG*(AMCa+2*AMCl)/AMCa-iMg,INORG*(AMMg+2*AMCl)/AMMg)*(1-fNa)","-iINORG*iCa,INORG","-iINORG*iMg,INORG",,,,,,,,,,,,,,,,,,,,,,,,,,,,,,,,,,,,,,,,,"?MEOLO,T*XMEOLO*MsatSMEOL,KMEOL*MsatSNO2,KNO2,MEOLO*(LoginhSNO3,KNO3,MEOLO*LoginhSMEOL,KMEOL,SNO2+LogsatSMEOL,KMEOL,SNO2)*MinhSO2,KiO2,MEOLO*MsatSNHx,KNHx,BIO*MsatSPO4,KPO4,BIO*MsatSCAT,KCAT*MsatSAN,KAN*MsatSCa,KCa*MsatSMg,KMg*BellinhpH",g.m-3.d-1,,
13,r13,"MEOLO growth, NO3",,,-1/YMEOLO,,,,,,,,,,,,,1,,,,,,,"-iN,BIO","(1-YMEOLO)/(EEQNO2,NO3*YMEOLO)","-(1-YMEOLO)/(EEQNO2,NO3*YMEOLO)",,,,,,"-iP,BIO",,,,,,,,,"iCIT,MEOL/YMEOLO-iCIT,BIO",iINORG,"-iINORG*(1-iCa,INORG*(AMCa+2*AMCl)/AMCa-iMg,INORG*(AMMg+2*AMCl)/AMMg)*fNa","-iINORG*(iCa,INORG*(2*AMCl)/AMCa+iMg,INORG*(2*AMCl)/AMMg)-iINORG*(1-iCa,INORG*(AMCa+2*AMCl)/AMCa-iMg,INORG*(AMMg+2*AMCl)/AMMg)*(1-fNa)","-iINORG*iCa,INORG","-iINORG*iMg,INORG",,,,,,,,,,,,,,,,,,,,,,,,,,,,,,,,,,,,,,,,,"?MEOLO,T*XMEOLO*MsatSMEOL,KMEOL*MsatSNO3,KNO3,MEOLO*LogsatSNO3,KNO3,MEOLO*(LoginhSMEOL,KMEOL,SNO2+MinhSNO2,KNO2,MEOLO*LogsatSMEOL,KMEOL,SNO2)*MinhSO2,KiO2,MEOLO*MsatSNHx,KNHx,BIO*MsatSPO4,KPO4,BIO*MsatSCAT,KCAT*MsatSAN,KAN*MsatSCa,KCa*MsatSMg,KMg*BellinhpH",g.m-3.d-1,,
14,r14,MEOLO decay,,,,,,1-fE,,,,,,fE,,,,-1,,,,,,,"-fE*(iN,XE-iN,BIO)",,,,,,"(1-fE)*iN,BIO",,,,,,"(1-fE)*iP,BIO",,,,,"(1-fE)*(iCIT,BIO-iCIT,XBe)",,,,,,,,,,,,,,,,,,,,,,,,,,,,,,,,,,,,,,,,,,,,,,"bMEOLO,T*XMEOLO*(MsatSO2,KiO2,MEOLO+ηb,anox*MsatSNO2,KNO2,MEOLO*MinhSO2,KiO2,MEOLO+mtox,anox*MsatSNO3,KNO3,MEOLO*MinhSNO2,KNO2,MEOLO*MinhSO2,KiO2,MEOLO)",g.m-3.d-1,,
15,r15,MEOLO anaerobic decay,,,,,,1-fE,,,,,,,fE,,,-1,,,,,,,"-fE*(iN,XE-iN,BIO)",,,,,,"(1-fE)*iN,BIO",,,,,,"(1-fE)*iP,BIO",,,,,"(1-fE)*(iCIT,BIO-iCIT,XBe)",,,,,,,,,,,,,,,,,,,,,,,,,,,,,,,,,,,,,,,,,,,,,,"bMEOLO,T*XMEOLO*(ηb,ana*MinhSNO2,KNO2,MEOLO*MinhSNO3,KNO3,MEOLO*MinhSO2,KiO2,MEOLO+mtox,ana)",g.m-3.d-1,,
16,r16,"CASTO growth on PHA, O2",,,,,,,,,,"-(XPHA,PAO/XSTC)/YCASTO,STC,ox","-(XPHA,GAO/XSTC)/YCASTO,STC,ox",,,,1,,,,,,,,"-iN,BIO",,,,,,,,"-iP,BIO",,,,,,"-(1-YCASTO,STC,ox)/YCASTO,STC,ox",,,"(iCIT,STC/YCASTO,STC,ox) - iCIT,BIO",iINORG,"-iINORG*(1-iCa,INORG*(AMCa+2*AMCl)/AMCa-iMg,INORG*(AMMg+2*AMCl)/AMMg)*fNa","-iINORG*(iCa,INORG*(2*AMCl)/AMCa+iMg,INORG*(2*AMCl)/AMMg)-iINORG*(1-iCa,INORG*(AMCa+2*AMCl)/AMCa-iMg,INORG*(AMMg+2*AMCl)/AMMg)*(1-fNa)","-iINORG*iCa,INORG","-iINORG*iMg,INORG",,,,,,,,,,,,,,,,,,,,,,,,,,,,,,,,,,,,,,,,,"?CASTO,T * XCASTO * MRsatXSTC,XCASTO,KSTC * MsatSO2,KO2,CASTO * MsatSNHx,KNHx,BIO * MsatSPO4,KPO4,BIO * MsatSCAT,KCAT * MsatSAN,KAN * MsatSCa,KCa,PAO * MsatSMg,KMg,PAO * BellinhpH",g.m-3.d-1,,
17,r17,"CASTO growth on PHA, NO2",,,,,,,,,,"-(XPHA,PAO/XSTC)/YCASTO,STC,anox","-(XPHA,GAO/XSTC)/YCASTO,STC,anox",,,,1,,,,,,,,"-iN,BIO","-(1-YCASTO,STC,anox)/(EEQN2,NO2*YCASTO,STC,anox)",,"(1-YCASTO,STC,anox)/(EEQN2,NO2*YCASTO,STC,anox)",,,,,"-iP,BIO",,,,,,,,,"(iCIT,STC/YCASTO,STC,anox) - iCIT,BIO",iINORG,"-iINORG*(1-iCa,INORG*(AMCa+2*AMCl)/AMCa-iMg,INORG*(AMMg+2*AMCl)/AMMg)*fNa","-iINORG*(iCa,INORG*(2*AMCl)/AMCa+iMg,INORG*(2*AMCl)/AMMg)-iINORG*(1-iCa,INORG*(AMCa+2*AMCl)/AMCa-iMg,INORG*(AMMg+2*AMCl)/AMMg)*(1-fNa)","-iINORG*iCa,INORG","-iINORG*iMg,INORG",,,,,,,,,,,,,,,,,,,,,,,,,,,,,,,,,,,,,,,,,"?CASTO,T * XCASTO * ηCASTO,anox * MRsatXSTC,XCASTO,KSTC * MsatSNO2,KNO2,CASTO * MinhSO2,KO2,CASTO * MsatSNHx,KNHx,BIO * MsatSPO4,KPO4,BIO * MsatSCAT,KCAT * MsatSAN,KAN * MsatSCa,KCa,PAO * MsatSMg,KMg,PAO * BellinhpH",g.m-3.d-1,,
18,r18,"CASTO growth on PHA, NO3",,,,,,,,,,"-(XPHA,PAO/XSTC)/YCASTO,STC,anox","-(XPHA,GAO/XSTC)/YCASTO,STC,anox",,,,1,,,,,,,,"-iN,BIO","(1-YCASTO,STC,anox)/(EEQNO2,NO3*YCASTO,STC,anox)","-(1-YCASTO,STC,anox)/(EEQNO2,NO3*YCASTO,STC,anox)",,,,,,"-iP,BIO",,,,,,,,,"(iCIT,STC/YCASTO,STC,anox) - iCIT,BIO",iINORG,"-iINORG*(1-iCa,INORG*(AMCa+2*AMCl)/AMCa-iMg,INORG*(AMMg+2*AMCl)/AMMg)*fNa","-iINORG*(iCa,INORG*(2*AMCl)/AMCa+iMg,INORG*(2*AMCl)/AMMg)-iINORG*(1-iCa,INORG*(AMCa+2*AMCl)/AMCa-iMg,INORG*(AMMg+2*AMCl)/AMMg)*(1-fNa)","-iINORG*iCa,INORG","-iINORG*iMg,INORG",,,,,,,,,,,,,,,,,,,,,,,,,,,,,,,,,,,,,,,,,"?CASTO,T * XCASTO * ηCASTO,anox * MRsatXSTC,XCASTO,KSTC * MsatSNO3,KNO3,CASTO * MinhSO2,KO2,CASTO * MinhSNO2,KNO2,CASTO * MsatSNHx,KNHx,BIO * MsatSPO4,KPO4,BIO * MsatSCAT,KCAT * MsatSAN,KAN * MsatSCa,KCa,PAO * MsatSMg,KMg,PAO * BellinhpH",g.m-3.d-1,,
19,r19,"PAO polyphosphate storage, O2",,,,,,,,,,,,,,,"-YPP,CASTO,ox",,,,,,,,"iN,BIO*YPP,CASTO,ox",,,,,,,,"iP,BIO*YPP,CASTO,ox -1",1,,,,,"-YPP,CASTO,ox",,,"iCIT,BIO*YPP,CASTO,ox","-iINORG*YPP,CASTO,ox","YPP,CASTO,ox*iINORG*(1-iCa,INORG*(AMCa+2*AMCl)/AMCa-iMg,INORG*(AMMg+2*AMCl)/AMMg)*fNa","YPP,CASTO,ox*(iINORG*(iCa,INORG*(2*AMCl)/AMCa+iMg,INORG*(2*AMCl)/AMMg)+iINORG*(1-iCa,INORG*(AMCa+2*AMCl)/AMCa-iMg,INORG*(AMMg+2*AMCl)/AMMg)*(1-fNa))","YPP,CASTO,ox*iINORG*iCa,INORG-iCa,PP*AMCa/AMP","YPP,CASTO,ox*iINORG*iMg,INORG-iMg,PP*AMMg/AMP","-iK,PP*AMK/AMP",,,,,,,,,,,,,,,,,,,,,,,,,,,,,,,,,,,,,,,,"qPAO,PP,T * XPAO/(XPP+XPP,PAO,min) * XPAO * MsatSO2,KO2,CASTO * LogsatSPO4,KPO4,PAO * LoginhXPP,XPAO,max * MsatSCa,KCa,PAO * MsatSMg,KMg,PAO * MsatSK,KK,PAO * BellinhpH",g.m-3.d-1,,
20,r20,"PAO polyphosphate storage, NO2",,,,,,,,,,,,,,,"-YPP,CASTO,anox",,,,,,,,"iN,BIO*YPP,CASTO,anox","-YPP,CASTO,anox/EEQN2,NO2",,"YPP,CASTO,anox/EEQN2,NO2",,,,,"iP,BIO*YPP,CASTO,anox -1",1,,,,,,,,"iCIT,BIO*YPP,CASTO,anox","-iINORG*YPP,CASTO,anox","YPP,CASTO,anox*iINORG*(1-iCa,INORG*(AMCa+2*AMCl)/AMCa-iMg,INORG*(AMMg+2*AMCl)/AMMg)*fNa","YPP,CASTO,anox*(iINORG*(iCa,INORG*(2*AMCl)/AMCa+iMg,INORG*(2*AMCl)/AMMg)+iINORG*(1-iCa,INORG*(AMCa+2*AMCl)/AMCa-iMg,INORG*(AMMg+2*AMCl)/AMMg)*(1-fNa))","YPP,CASTO,anox*iINORG*iCa,INORG-iCa,PP*AMCa/AMP","YPP,CASTO,anox*iINORG*iMg,INORG-iMg,PP*AMMg/AMP","-iK,PP*AMK/AMP",,,,,,,,,,,,,,,,,,,,,,,,,,,,,,,,,,,,,,,,"qPAO,PP,T * XPAO/(XPP+XPP,PAO,min) * XPAO * ηCASTO,anox * MsatSNO2,KNO2,CASTO * MinhSO2,KO2,CASTO * LogsatSPO4,KPO4,PAO * LoginhXPP,XPAO,max * MsatSCa,KCa,PAO * MsatSMg,KMg,PAO * MsatSK,KK,PAO * BellinhpH",g.m-3.d-1,,
21,r21,"PAO polyphosphate storage, NO3",,,,,,,,,,,,,,,"-YPP,CASTO,anox",,,,,,,,"iN,BIO*YPP,CASTO,anox","YPP,CASTO,anox/EEQNO2,NO3","-YPP,CASTO,anox/EEQNO2,NO3",,,,,,"iP,BIO*YPP,CASTO,anox -1",1,,,,,,,,"iCIT,BIO*YPP,CASTO,anox","-iINORG*YPP,CASTO,anox","YPP,CASTO,anox*iINORG*(1-iCa,INORG*(AMCa+2*AMCl)/AMCa-iMg,INORG*(AMMg+2*AMCl)/AMMg)*fNa","YPP,CASTO,anox*(iINORG*(iCa,INORG*(2*AMCl)/AMCa+iMg,INORG*(2*AMCl)/AMMg)+iINORG*(1-iCa,INORG*(AMCa+2*AMCl)/AMCa-iMg,INORG*(AMMg+2*AMCl)/AMMg)*(1-fNa))","YPP,CASTO,anox*iINORG*iCa,INORG-iCa,PP*AMCa/AMP","YPP,CASTO,anox*iINORG*iMg,INORG-iMg,PP*AMMg/AMP","-iK,PP*AMK/AMP",,,,,,,,,,,,,,,,,,,,,,,,,,,,,,,,,,,,,,,,"qPAO,PP,T * XPAO/(XPP+XPP,PAO,min) * XPAO * ηCASTO,anox * MsatSNO3,KNO3,CASTO * MinhSO2,KO2,CASTO * MinhSNO2,KNO2,CASTO * LogsatSPO4,KPO4,PAO * LoginhXPP,XPAO,max * MsatSCa,KCa,PAO * MsatSMg,KMg,PAO * MsatSK,KK,PAO * BellinhpH",g.m-3.d-1,,
22,r22,"PAO growth on PHA, O2; PO4 limited",,,,,,,,,,"-1/YPAO,PHA,ox",,,,,1,,,,,,,,"-iN,BIO",,,,,,,,,"-iP,BIO",,,,,"-(1-YPAO,PHA,ox)/YPAO,PHA,ox",,,"(iCIT,PHA/YPAO,PHA,ox) - iCIT,BIO",iINORG,"-iINORG*(1-iCa,INORG*(AMCa+2*AMCl)/AMCa-iMg,INORG*(AMMg+2*AMCl)/AMMg)*fNa","-iINORG*(iCa,INORG*(2*AMCl)/AMCa+iMg,INORG*(2*AMCl)/AMMg)-iINORG*(1-iCa,INORG*(AMCa+2*AMCl)/AMCa-iMg,INORG*(AMMg+2*AMCl)/AMMg)*(1-fNa)","-iINORG*iCa,INORG+iCa,PP*AMCa/AMP*iP,BIO","-iINORG*iMg,INORG+iMg,PP*AMMg/AMP*iP,BIO","iK,PP*AMK/AMP*iP,BIO",,,,,,,,,,,,,,,,,,,,,,,,,,,,,,,,,,,,,,,,"?PAO,lim,T * XPAO * MRsatXPHA,XPAO,KPHA * MsatSO2,KO2,CASTO * MsatSNHx,KNHx,BIO * MinhSPO4,KiPO4,lim * MsatXPP,KPP,lim * MsatSCAT,KCAT * MsatSAN,KAN * MsatSCa,KCa * MsatSMg,KMg * BellinhpH",g.m-3.d-1,,
23,r23,"PAO growth on PHA, NO2; PO4 limited",,,,,,,,,,"-1/YPAO,PHA,anox",,,,,1,,,,,,,,"-iN,BIO","-(1-YPAO,PHA,anox)/(EEQN2,NO2*YPAO,PHA,anox)",,"(1-YPAO,PHA,anox)/(EEQN2,NO2*YPAO,PHA,anox)",,,,,,"-iP,BIO",,,,,,,,"(iCIT,PHA/YPAO,PHA,anox) - iCIT,BIO",iINORG,"-iINORG*(1-iCa,INORG*(AMCa+2*AMCl)/AMCa-iMg,INORG*(AMMg+2*AMCl)/AMMg)*fNa","-iINORG*(iCa,INORG*(2*AMCl)/AMCa+iMg,INORG*(2*AMCl)/AMMg)-iINORG*(1-iCa,INORG*(AMCa+2*AMCl)/AMCa-iMg,INORG*(AMMg+2*AMCl)/AMMg)*(1-fNa)","-iINORG*iCa,INORG+iCa,PP*AMCa/AMP*iP,BIO","-iINORG*iMg,INORG+iMg,PP*AMMg/AMP*iP,BIO","iK,PP*AMK/AMP*iP,BIO",,,,,,,,,,,,,,,,,,,,,,,,,,,,,,,,,,,,,,,,"?PAO,lim,T * XPAO * ηCASTO,anox * MRsatXPHA,XPAO,KPHA * MinhSO2,KO2,CASTO * MsatSNO2,KNO2,CASTO * MsatSNHx,KNHx,BIO * MinhSPO4,KiPO4,lim * MsatXPP,KPP,lim * MsatSCAT,KCAT * MsatSAN,KAN * MsatSCa,KCa * MsatSMg,KMg * BellinhpH",g.m-3.d-1,,
24,r24,"PAO growth on PHA, NO3; PO4 limited",,,,,,,,,,"-1/YPAO,PHA,anox",,,,,1,,,,,,,,"-iN,BIO","(1-YPAO,PHA,anox)/(EEQNO2,NO3*YPAO,PHA,anox)","-(1-YPAO,PHA,anox)/(EEQNO2,NO3*YPAO,PHA,anox)",,,,,,,"-iP,BIO",,,,,,,,"(iCIT,PHA/YPAO,PHA,anox) - iCIT,BIO",iINORG,"-iINORG*(1-iCa,INORG*(AMCa+2*AMCl)/AMCa-iMg,INORG*(AMMg+2*AMCl)/AMMg)*fNa","-iINORG*(iCa,INORG*(2*AMCl)/AMCa+iMg,INORG*(2*AMCl)/AMMg)-iINORG*(1-iCa,INORG*(AMCa+2*AMCl)/AMCa-iMg,INORG*(AMMg+2*AMCl)/AMMg)*(1-fNa)","-iINORG*iCa,INORG+iCa,PP*AMCa/AMP*iP,BIO","-iINORG*iMg,INORG+iMg,PP*AMMg/AMP*iP,BIO","iK,PP*AMK/AMP*iP,BIO",,,,,,,,,,,,,,,,,,,,,,,,,,,,,,,,,,,,,,,,"?PAO,lim,T * XPAO * ηCASTO,anox * MRsatXPHA,XPAO,KPHA * MinhSO2,KO2,CASTO * MsatSNO3,KNO3,CASTO * MinhSNO2,KNO2,CASTO * MsatSNHx,KNHx,BIO * MinhSPO4,KiPO4,lim * MsatXPP,KPP,lim * MsatSCAT,KCAT * MsatSAN,KAN * MsatSCa,KCa * MsatSMg,KMg * BellinhpH",g.m-3.d-1,,
25,r25,PAO's PHA storage from VFAs and PO4 release,-1,,,,,,,,,1,,,,,,,,,,,,,,,,,,,,,"fP,VFA","-fP,VFA",,,,,,,,"iCIT,VFA-iCIT,PHA",,,,"iCa,PP*AMCa/AMP*fP,VFA","iMg,PP*AMMg/AMP*fP,VFA","iK,PP*AMK/AMP*fP,VFA",,,,,,,,,,,,,,,,,,,,,,,,,,,,,,,,,,,,,,,,"qPAO,PHA,T * XCASTO * actsto,PAO,ORP * MsatSVFA,KVFA,CASTO * MRsatXPP,XPAO,KPP * LoginhXPHA,XPAO,max",g.m-3.d-1,,
26,r26,GAO's PHA storage from VFAs,-1,,,,,,,,,,1,,,,,,,,,,,,,,,,,,,,,,,,,,,,,"iCIT,VFA-iCIT,PHA",,,,,,,,,,,,,,,,,,,,,,,,,,,,,,,,,,,,,,,,,,,,,,"qGAO,PHA,T * XCASTO * actsto,GAO,ORP * MsatSVFA,KVFA,CASTO * LoginhXPHA,XGAO,max",g.m-3.d-1,,
27,r27,CASTO aerobic maintenance,,,,,,,,,,"-XPHA,PAO/XSTC","-XPHA,GAO/XSTC",,,,,,,,,,,,,,,,,,,,,,,,,,-1,,,"iCIT,STC",,,,,,,,,,,,,,,,,,,,,,,,,,,,,,,,,,,,,,,,,,,,,,"bSTC,T * XCASTO * MsatSO2,KO2,CASTO * MRsatXSTC,XCASTO,KSTC",g.m-3.d-1,,
28,r28,"CASTO anoxic maintenance, NO2",,,,,,,,,,"-XPHA,PAO/XSTC","-XPHA,GAO/XSTC",,,,,,,,,,,,,"-1/EEQN2,NO2",,"1/EEQN2,NO2",,,,,,,,,,,,,,"iCIT,STC",,,,,,,,,,,,,,,,,,,,,,,,,,,,,,,,,,,,,,,,,,,,,,"bSTC,T * ηbSTC,anox * XCASTO * MinhSO2,KO2,CASTO * MsatSNO2,KNO2,CASTO * MRsatXSTC,XCASTO,KSTC",g.m-3.d-1,,
29,r29,"CASTO anoxic maintenance, NO3",,,,,,,,,,"-XPHA,PAO/XSTC","-XPHA,GAO/XSTC",,,,,,,,,,,,,"1/EEQNO2,NO3","-1/EEQNO2,NO3",,,,,,,,,,,,,,,"iCIT,STC",,,,,,,,,,,,,,,,,,,,,,,,,,,,,,,,,,,,,,,,,,,,,,"bSTC,T * ηbSTC,anox * XCASTO * MinhSO2,KO2,CASTO * MsatSNO3,KNO3,CASTO * MinhSNO2,KNO2,CASTO * MRsatXSTC,XCASTO,KSTC",g.m-3.d-1,,
30,r30,GAO anaerobic maintenance,1,,,,,,,,,,-1,,,,,,,,,,,,,,,,,,,,,,,,,,,,,"iCIT,PHA-iCIT,VFA",,,,,,,,,,,,,,,,,,,,,,,,,,,,,,,,,,,,,,,,,,,,,,"bSTC,T * ηbPHA,ana * XGAO * MinhSO2,KO2,CASTO * MinhSNO3,KNO3,CASTO * MinhSNO2,KNO2,CASTO * MRsatXPHA,XGAO,KPHA",g.m-3.d-1,,
31,r31,PP cleavage for maintenance,,,,,,,,,,,,,,,,,,,,,,,,,,,,,,,1,-1,,,,,,,,,,,,"iCa,PP*AMCa/AMP","iMg,PP*AMMg/AMP","iK,PP*AMK/AMP",,,,,,,,,,,,,,,,,,,,,,,,,,,,,,,,,,,,,,,,"bPP,ana,T * XPAO * LogsatXPP,KPO4,PAO * (ηbPP,aer * MRinhXPHA,XPAO,KPHA,cle * MsatSO2,KO2,CASTO + ηbPP,anox * MinhSO2,KO2,CASTO * MsatSNO2,KNO2,CASTO + ηbPP,anox * MinhSO2,KO2,CASTO * MsatSNO3,KNO3,CASTO * MinhSNO2,KNO2,CASTO + MinhSO2,KO2,CASTO * MinhSNO3,KNO3,CASTO * MinhSNO2,KNO2,CASTO)",g.m-3.d-1,,
32,r32,"SB fermentation with high VFA (PAO growth, anaerobic)","(1-YCASTO,SB,ana-YCASTO,H2,ana,high)/YCASTO,SB,ana","-1/YCASTO,SB,ana",,,,,,,,1,,,,,,,,,,,,,,,,,,,,,,,,,,,,,"YCASTO,H2,ana,high/YCASTO,SB,ana","(iCIT,SB-iCIT,VFA*(1-YCASTO,SB,ana-YCASTO,H2,ana,high)-iCIT,PHA*YCASTO,SB,ana)/YCASTO,SB,ana",iINORG,"-iINORG*(1-iCa,INORG*(AMCa+2*AMCl)/AMCa-iMg,INORG*(AMMg+2*AMCl)/AMMg)*fNa","-iINORG*(iCa,INORG*(2*AMCl)/AMCa+iMg,INORG*(2*AMCl)/AMMg)-iINORG*(1-iCa,INORG*(AMCa+2*AMCl)/AMCa-iMg,INORG*(AMMg+2*AMCl)/AMMg)*(1-fNa)","-iINORG*iCa,INORG","-iINORG*iMg,INORG",,,,,,,,,,,,,,,,,,,,,,,,,,,,,,,,,,,,,,,,,"?FERM,PAO,T * XCASTO * actferm,PAO,ORP * LogsatSVFA,KVFA,FERM * MsatSB,KSB,ana * MsatSNHx,KNHx,BIO * MsatSPO4,KPO4,BIO * MsatSCAT,KCAT * MsatSAN,KAN * MsatSCa,KCa * MsatSMg,KMg * BellinhpH",g.m-3.d-1,,
33,r33,"SB fermentation with low VFA (PAO growth, anaerobic)","(1-YCASTO,SB,ana-YCASTO,H2,ana,low)/YCASTO,SB,ana","-1/YCASTO,SB,ana",,,,,,,,1,,,,,,,,,,,,,,,,,,,,,,,,,,,,,"YCASTO,H2,ana,low/YCASTO,SB,ana","(iCIT,SB-iCIT,VFA*(1-YCASTO,SB,ana-YCASTO,H2,ana,low)-iCIT,PHA*YCASTO,SB,ana)/YCASTO,SB,ana",iINORG,"-iINORG*(1-iCa,INORG*(AMCa+2*AMCl)/AMCa-iMg,INORG*(AMMg+2*AMCl)/AMMg)*fNa","-iINORG*(iCa,INORG*(2*AMCl)/AMCa+iMg,INORG*(2*AMCl)/AMMg)-iINORG*(1-iCa,INORG*(AMCa+2*AMCl)/AMCa-iMg,INORG*(AMMg+2*AMCl)/AMMg)*(1-fNa)","-iINORG*iCa,INORG","-iINORG*iMg,INORG",,,,,,,,,,,,,,,,,,,,,,,,,,,,,,,,,,,,,,,,,"?FERM,PAO,T * XCASTO * actferm,PAO,ORP * LoginhSVFA,KVFA,FERM * MsatSB,KSB,ana * MsatSNHx,KNHx,BIO * MsatSPO4,KPO4,BIO * MsatSCAT,KCAT * MsatSAN,KAN * MsatSCa,KCa * MsatSMg,KMg * MsatSCO2,KCO2,BIO * BellinhpH",g.m-3.d-1,,
34,r34,CASTO decay,XSTC/XCASTO,,,,,1-fE,,,,"-XPHA,PAO/XCASTO","-XPHA,GAO/XCASTO",fE,,,-1,,,,,,,,"-fE*(iN,XE-iN,BIO)",,,,,,"(1-fE)*iN,BIO",,XPP/XCASTO,-XPP/XCASTO,,,"(1-fE)*iP,BIO",,,,,"(1-fE)*(iCIT,BIO-iCIT,XBe)+(iCIT,STC-iCIT,VFA)*XSTC/XCASTO",,,,"XPP*AMCa/AMP*iCa,PP/XCASTO","XPP*AMMg/AMP*iMg,PP/XCASTO","XPP*AMK/AMP*iK,PP/XCASTO",,,,,,,,,,,,,,,,,,,,,,,,,,,,,,,,,,,,,,,,"bCASTO,T * MRinhXSTC,XCASTO,KSTC * (XCASTO * MsatSO2,KO2,CASTO + ηbCASTO,anox * (XGAO + XPAO * MRinhXPP,XPAO,KPP) * (MsatSNO2,KNO2,CASTO + MinhSNO2,KNO2,CASTO * MsatSNO3,KNO3,CASTO) * MinhSO2,KO2,CASTO)",g.m-3.d-1,,
35,r35,CASTO anaerobic decay,XSTC/XCASTO,,,,,1-fE,,,,"-XPHA,PAO/XCASTO","-XPHA,GAO/XCASTO",,fE,,-1,,,,,,,,"-fE*(iN,XE-iN,BIO)",,,,,,"(1-fE)*iN,BIO",,XPP/XCASTO,-XPP/XCASTO,,,"(1-fE)*iP,BIO",,,,,"(1-fE)*(iCIT,BIO-iCIT,XBe)+(iCIT,STC-iCIT,VFA)*XSTC/XCASTO",,,,"XPP*AMCa/AMP*iCa,PP/XCASTO","XPP*AMMg/AMP*iMg,PP/XCASTO","XPP*AMK/AMP*iK,PP/XCASTO",,,,,,,,,,,,,,,,,,,,,,,,,,,,,,,,,,,,,,,,"bCASTO,T * (ηbCASTO,ana * (XPAO * MRinhXPP,XPAO,KPP + XGAO * MRinhXPHA,XGAO,KPHA) * MinhSNO3,KNO3,CASTO * MinhSNO2,KNO2,CASTO * MinhSO2,KO2,CASTO + XCASTO * mtox,ana)",g.m-3.d-1,,
36,r36,ORP lag for CASTO activity switches,,,,,,,,,,,,,,,,,,,,,,,,,,,,,,,,,,,,,,,,,,,,,,,,,,,,,,,,,,,,,,,,,,,,,,,,,1.0,,,,,,,,,,,,,kORPswitch*(ORP + offsetORPswitch - SORPswitch),mV.d-1,,
37,r37,AOB growth,,,,,,,,,,,,,,,,,1,,,,,,"-1/YAOB-iN,BIO",1/YAOB,,,,,,,"-iP,BIO",,,,,,-(EEQNO2-YAOB)/YAOB,,,"-iCIT,BIO",iINORG,"-iINORG*(1-iCa,INORG*(AMCa+2*AMCl)/AMCa-iMg,INORG*(AMMg+2*AMCl)/AMMg)*fNa","-iINORG*(iCa,INORG*(2*AMCl)/AMCa+iMg,INORG*(2*AMCl)/AMMg)-iINORG*(1-iCa,INORG*(AMCa+2*AMCl)/AMCa-iMg,INORG*(AMMg+2*AMCl)/AMMg)*(1-fNa)","-iINORG*iCa,INORG","-iINORG*iMg,INORG",,,,,,,,,,,,,,,,,,,,,,,,,,,,,,,,,,,,,,,,,"?AOB,T*XAOB*MsatSNHx,KNHx,AOB*LogsatpHCO2,AOB*MsatSO2,KO2,AOB*MsatSPO4,KPO4,BIO*MsatSCAT,KCAT*MsatSAN,KAN*MsatSCa,KCa*MsatSMg,KMg*MinhpHHNO2,AOB*BellinhpH,AOB",g.m-3.d-1,,
38,r38,AOB decay,,,,,,1-fE,,,,,,fE,,,,,-1,,,,,,"-fE*(iN,XE-iN,BIO)",,,,,,"(1-fE)*iN,BIO",,,,,,"(1-fE)*iP,BIO",,,,,"(1-fE)*(iCIT,BIO-iCIT,XBe)",,,,,,,,,,,,,,,,,,,,,,,,,,,,,,,,,,,,,,,,,,,,,,"bAOB,T*XAOB*(MsatSO2,KO2,AOB+ηb,anox*MsatSNOx,KNOx,AOB*MinhSO2,KO2,AOB)",g.m-3.d-1,,
39,r39,AOB anaerobic decay,,,,,,1-fE,,,,,,,fE,,,,-1,,,,,,"-fE*(iN,XE-iN,BIO)",,,,,,"(1-fE)*iN,BIO",,,,,,"(1-fE)*iP,BIO",,,,,"(1-fE)*(iCIT,BIO-iCIT,XBe)",,,,,,,,,,,,,,,,,,,,,,,,,,,,,,,,,,,,,,,,,,,,,,"bAOB,T*XAOB*(ηb,ana*MinhSNOx,KNOx,AOB*MinhSO2,KO2,AOB+mtox,ana)",g.m-3.d-1,,
40,r40,NOB growth,,,,,,,,,,,,,,,,,,1,,,,,"-iN,BIO",-1/YNOB,1/YNOB,,,,,,"-iP,BIO",,,,,,"-(EEQNO2,NO3-YNOB)/YNOB",,,"-iCIT,BIO",iINORG,"-iINORG*(1-iCa,INORG*(AMCa+2*AMCl)/AMCa-iMg,INORG*(AMMg+2*AMCl)/AMMg)*fNa","-iINORG*(iCa,INORG*(2*AMCl)/AMCa+iMg,INORG*(2*AMCl)/AMMg)-iINORG*(1-iCa,INORG*(AMCa+2*AMCl)/AMCa-iMg,INORG*(AMMg+2*AMCl)/AMMg)*(1-fNa)","-iINORG*iCa,INORG","-iINORG*iMg,INORG",,,,,,,,,,,,,,,,,,,,,,,,,,,,,,,,,,,,,,,,,"?NOB,T*XNOB*MsatSNO2,KNO2,NOB*LogsatpHCO2,NOB*MsatSO2,KO2,NOB*MsatSNHx,KNHx,BIO*MsatSPO4,KPO4,BIO*MsatSCAT,KCAT*MsatSAN,KAN*MsatSCa,KCa*MsatSMg,KMg*MinhpHNH3,NOB*BellinhpH,NOB",g.m-3.d-1,,
41,r41,NOB decay,,,,,,1-fE,,,,,,fE,,,,,,-1,,,,,"-fE*(iN,XE-iN,BIO)",,,,,,"(1-fE)*iN,BIO",,,,,,"(1-fE)*iP,BIO",,,,,"(1-fE)*(iCIT,BIO-iCIT,XBe)",,,,,,,,,,,,,,,,,,,,,,,,,,,,,,,,,,,,,,,,,,,,,,"bNOB,T*XNOB*(MsatSO2,KO2,NOB+ηb,anox*MsatSNOx,KNOx,NOB*MinhSO2,KO2,NOB)",g.m-3.d-1,,
42,r42,NOB anaerobic decay,,,,,,1-fE,,,,,,,fE,,,,,-1,,,,,"-fE*(iN,XE-iN,BIO)",,,,,,"(1-fE)*iN,BIO",,,,,,"(1-fE)*iP,BIO",,,,,"(1-fE)*(iCIT,BIO-iCIT,XBe)",,,,,,,,,,,,,,,,,,,,,,,,,,,,,,,,,,,,,,,,,,,,,,"bNOB,T*XNOB*(ηb,ana*MinhSNOx,KNOx,NOB*MinhSO2,KO2,NOB+mtox,ana)",g.m-3.d-1,,
43,r43,Anammox growth,,,,,,,,,,,,,,,,,,,1,,,,"-(3*iN,BIO*AMO+2*AMN)/(5*YAMX,NO3+3-3*YAMX,NO2)/AMO"," -YAMX,NO2/(5*YAMX,NO3+3-3*YAMX,NO2)*(3*iN,BIO*AMO+2*AMN)/AMO","YAMX,NO3/(5*YAMX,NO3+3-3*YAMX,NO2)*(3*iN,BIO*AMO+2*AMN)/AMO","2*(YAMX,NO3*AMN-1*AMN-1*YAMX,NO2*AMN+4*YAMX,NO3*iN,BIO*AMO-3*YAMX,NO2*iN,BIO*AMO)/AMO/(3*YAMX,NO2-5*YAMX,NO3-3)",,,,,"-iP,BIO",,,,,,,,,"-iCIT,BIO",iINORG,"-iINORG*(1-iCa,INORG*(AMCa+2*AMCl)/AMCa-iMg,INORG*(AMMg+2*AMCl)/AMMg)*fNa","-iINORG*(iCa,INORG*(2*AMCl)/AMCa+iMg,INORG*(2*AMCl)/AMMg)-iINORG*(1-iCa,INORG*(AMCa+2*AMCl)/AMCa-iMg,INORG*(AMMg+2*AMCl)/AMMg)*(1-fNa)","-iINORG*iCa,INORG","-iINORG*iMg,INORG",,,,,,,,,,,,,,,,,,,,,,,,,,,,,,,,,,,,,,,,,"?AMX,T*XAMX*MsatSNHx,KNHx,AMX*MsatSNO2,KNO2,AMX*MinhSO2,KiO2,AMX*LogsatpHCO2,AMX*MsatSPO4,KPO4,BIO*MsatSCAT,KCAT*MsatSAN,KAN*MsatSCa,KCa*MsatSMg,KMg*BellinhpH*MinhpHHNO2,AMX",g.m-3.d-1,,
44,r44,Anammox decay,,,,,,1-fE,,,,,,fE,,,,,,,-1,,,,"-fE*(iN,XE-iN,BIO)",,,,,,"(1-fE)*iN,BIO",,,,,,"(1-fE)*iP,BIO",,,,,"(1-fE)*(iCIT,BIO-iCIT,XBe)",,,,,,,,,,,,,,,,,,,,,,,,,,,,,,,,,,,,,,,,,,,,,,"bAMX,T*XAMX*(MsatSO2,KiO2,AMX+ηb,anox*MsatSNOx,KNOx,AMX*MinhSO2,KiO2,AMX)",g.m-3.d-1,,
45,r45,Anammox anaerobic decay,,,,,,1-fE,,,,,,,fE,,,,,,-1,,,,"-fE*(iN,XE-iN,BIO)",,,,,,"(1-fE)*iN,BIO",,,,,,"(1-fE)*iP,BIO",,,,,"(1-fE)*(iCIT,BIO-iCIT,XBe)",,,,,,,,,,,,,,,,,,,,,,,,,,,,,,,,,,,,,,,,,,,,,,"bAMX,T*XAMX*(ηb,ana*MinhSNOx,KNOx,AMX*MinhSO2,KiO2,AMX)",g.m-3.d-1,,
46,r46,AMETO growth,-1/YAMETO,,,,,,,,,,,,,,,,,,,1,,,"-iN,BIO",,,,,,,,"-iP,BIO",,,,,,,(1-YAMETO)/YAMETO,,"iCIT,VFA*1/YAMETO-iCIT,BIO-iCIT,CH4*(1-YAMETO)/YAMETO",iINORG,"-iINORG*(1-iCa,INORG*(AMCa+2*AMCl)/AMCa-iMg,INORG*(AMMg+2*AMCl)/AMMg)*fNa","-iINORG*(iCa,INORG*(2*AMCl)/AMCa+iMg,INORG*(2*AMCl)/AMMg)-iINORG*(1-iCa,INORG*(AMCa+2*AMCl)/AMCa-iMg,INORG*(AMMg+2*AMCl)/AMMg)*(1-fNa)","-iINORG*iCa,INORG","-iINORG*iMg,INORG",,,,,,,,,,,,,,,,,,,,,,,,,,,,,,,,,,,,,,,,,"?AMETO,T*XAMETO*HsatSVFA,AMETO*MinhSO2,KiO2,AMETO*MinhSNOx,KNO3,AMETO*LoginhpHNH3,AMETO*MsatSNHx,KNHx,BIO*MsatSPO4,KPO4,BIO*MsatSCAT,KCAT*MsatSAN,KAN*MsatSCa,KCa*MsatSMg,KMg*BellinhpH,AMETO",g.m-3.d-1,CH3COOH -> CH4+CO2,
47,r47,AMETO decay,,,,,,1-fE,,,,,,fE,,,,,,,,-1,,,"-fE*(iN,XE-iN,BIO)",,,,,,"(1-fE)*iN,BIO",,,,,,"(1-fE)*iP,BIO",,,,,"(1-fE)*(iCIT,BIO-iCIT,XBe)",,,,,,,,,,,,,,,,,,,,,,,,,,,,,,,,,,,,,,,,,,,,,,"bAMETO,T*XAMETO*(mtox,aer*MsatSO2,KiO2,AMETO+mtox,anox*MsatSNOx,KNO3,AMETO*MinhSO2,KiO2,AMETO)",g.m-3.d-1,,
48,r48,AMETO anaerobic decay,,,,,,1-fE,,,,,,,fE,,,,,,,-1,,,"-fE*(iN,XE-iN,BIO)",,,,,,"(1-fE)*iN,BIO",,,,,,"(1-fE)*iP,BIO",,,,,"(1-fE)*(iCIT,BIO-iCIT,XBe)",,,,,,,,,,,,,,,,,,,,,,,,,,,,,,,,,,,,,,,,,,,,,,"bAMETO,T*XAMETO*MinhSNOx,KNO3,AMETO*MinhSO2,KiO2,AMETO",g.m-3.d-1,,
49,r49,HMETO growth,,,,,,,,,,,,,,,,,,,,,1,,"-iN,BIO",,,,,,,,"-iP,BIO",,,,,,,(1-YHMETO)/YHMETO,-1/YHMETO,"-iCIT,BIO-iCIT,CH4*(1-YHMETO)/YHMETO",iINORG,"-iINORG*(1-iCa,INORG*(AMCa+2*AMCl)/AMCa-iMg,INORG*(AMMg+2*AMCl)/AMMg)*fNa","-iINORG*(iCa,INORG*(2*AMCl)/AMCa+iMg,INORG*(2*AMCl)/AMMg)-iINORG*(1-iCa,INORG*(AMCa+2*AMCl)/AMCa-iMg,INORG*(AMMg+2*AMCl)/AMMg)*(1-fNa)","-iINORG*iCa,INORG","-iINORG*iMg,INORG",,,,,,,,,,,,,,,,,,,,,,,,,,,,,,,,,,,,,,,,,"?HMETO,T*XHMETO*MsatSCO2,KCO2,BIO*MsatSH2,KH2,HMETO*MinhSO2,KiO2,HMETO*MinhSNOx,KNO3,HMETO*MsatSNHx,KNHx,BIO*MsatSPO4,KPO4,BIO*MsatSCAT,KCAT*MsatSAN,KAN*MsatSCa,KCa*MsatSMg,KMg*BellinhpH,HMETO",g.m-3.d-1,CO2+4H2 -> CH4+2H2O,
50,r50,HMETO decay,,,,,,1-fE,,,,,,fE,,,,,,,,,-1,,"-fE*(iN,XE-iN,BIO)",,,,,,"(1-fE)*iN,BIO",,,,,,"(1-fE)*iP,BIO",,,,,"(1-fE)*(iCIT,BIO-iCIT,XBe)",,,,,,,,,,,,,,,,,,,,,,,,,,,,,,,,,,,,,,,,,,,,,,"bHMETO,T*XHMETO*(mtox,aer*MsatSO2,KiO2,HMETO+mtox,anox*MsatSNOx,KNO3,HMETO*MinhSO2,KiO2,HMETO)",g.m-3.d-1,,
51,r51,HMETO anaerobic decay,,,,,,1-fE,,,,,,,fE,,,,,,,,-1,,"-fE*(iN,XE-iN,BIO)",,,,,,"(1-fE)*iN,BIO",,,,,,"(1-fE)*iP,BIO",,,,,"(1-fE)*(iCIT,BIO-iCIT,XBe)",,,,,,,,,,,,,,,,,,,,,,,,,,,,,,,,,,,,,,,,,,,,,,"bHMETO,T*XHMETO*(MinhSNOx,KNO3,HMETO*MinhSO2,KiO2,HMETO)",g.m-3.d-1,,
52,r52,ALGAE growth on Nitrate,,,,,,,,,,,,,,,,,,,,,,1,,"-iN,ALGAE*SNO2/SNOx","-iN,ALGAE*SNO3/SNOx",,,,,,"-iP,ALGAE",,,,,,"1 + iN,ALGAE*(EEQNO3*SNO3/SNOx+EEQNO2*SNO2/SNOx)",,,"-iCIT,ALGAE",iINORG,"-iINORG*(1-iCa,INORG*(AMCa+2*AMCl)/AMCa-iMg,INORG*(AMMg+2*AMCl)/AMMg)*fNa","-iINORG*(iCa,INORG*(2*AMCl)/AMCa+iMg,INORG*(2*AMCl)/AMMg)-iINORG*(1-iCa,INORG*(AMCa+2*AMCl)/AMCa-iMg,INORG*(AMMg+2*AMCl)/AMMg)*(1-fNa)","-iINORG*iCa,INORG","-iINORG*iMg,INORG",,,,,,,,,,,,,,,,,,,,,,,,,,,,,,,,,,,,,,,,,"?ALGAE,T * XALGAE * MsatSPO4,KPO4,BIO * MsatSCO2,KCO2,ALGAE * LightSwitch * MsatSNOx,KNOx,ALGAE  * MinhSNHx,KiNHx,ALGAE",g.m-3.d-1,,GenThreePondModel
53,r53,ALGAE growth on Ammonia,,,,,,,,,,,,,,,,,,,,,,1,"-iN,ALGAE",,,,,,,,"-iP,ALGAE",,,,,,1,,,"-iCIT,ALGAE",iINORG,"-iINORG*(1-iCa,INORG*(AMCa+2*AMCl)/AMCa-iMg,INORG*(AMMg+2*AMCl)/AMMg)*fNa","-iINORG*(iCa,INORG*(2*AMCl)/AMCa+iMg,INORG*(2*AMCl)/AMMg)-iINORG*(1-iCa,INORG*(AMCa+2*AMCl)/AMCa-iMg,INORG*(AMMg+2*AMCl)/AMMg)*(1-fNa)","-iINORG*iCa,INORG","-iINORG*iMg,INORG",,,,,,,,,,,,,,,,,,,,,,,,,,,,,,,,,,,,,,,,,"?ALGAE,T * XALGAE *MsatSNHx,KNHx,ALGAE* MsatSPO4,KPO4,BIO * MsatSCO2,KCO2,ALGAE * LightSwitch ",g.m-3.d-1,,GenThreePondModel
54,r54,ALGAE respiration,,,,,,,,,,,,,,,,,,,,,,-1,"iN,ALGAE",,,,,,,,"iP,ALGAE",,,,,,-1,,,"iCIT,ALGAE",,,,,,,,,,,,,,,,,,,,,,,,,,,,,,,,,,,,,,,,,,,,,,"bALGAE,T * XALGAE * MsatSO2,KO2,ALGAE",g.m-3.d-1,,GenThreePondModel
55,r55,ALGAE decay,,,,,,1-fE,,,,,,fE,,,,,,,,,,-1,"-fE*(iN,XE-iN,BIO)",,,,,,"(1-fE)*iN,BIO",,"iP,ALGAE-iP,BIO",,,,"(1-fE)*iP,BIO",,,,,"iCIT,ALGAE-(1-fE)*iCIT,XBe-fE*iCIT,BIO",,,,,,,,,,,,,,,,,,,,,,,,,,,,,,,,,,,,,,,,,,,,,,"bALGAE,T * XALGAE * MinhSO2,KO2,ALGAE",g.m-3.d-1,,GenThreePondModel
56,r56,Flocculation of colloidal biodegradable substrate,,,,-1.0,1.0,,,,,,,,,,,,,,,,,,,,,,,"iN,CB",,,,,,"iP,CB",,,,,,,,,,,,,,,,,,,,,,,,,,,,,,,,,,,,,,,,,,,,,,,,,,,,"qFLOC,T*XBIO*MsatCB,KCB,FLOC+qFLOC,HFO,T*XHFO*MsatCB,KCB,FLOC,HFO*BellinhpH,FLOC,HFO+qFLOC,HAO,T*XHAO*MsatCB,KCB,FLOC,HAO*BellinhpH,FLOC,HAO",g.m-3.d-1,,
57,r57,Flocculation of colloidal unbiodegradable organics,,,,,,,,-1.0,1.0,,,,,,,,,,,,,,,,,,,,,"iN,CU",,,,,,"iP,CU",,,,,,,,,,,,,,,,,,,,,,,,,,,,,,,,,,,,,,,,,,,,,,,,,,"qFLOC,T*XBIO*MsatCU,KCU,FLOC+qFLOC,HFO,T*XHFO*MsatCU,KCU,FLOC,HFO*BellinhpH,FLOC,HFO+qFLOC,HAO,T*XHAO*MsatCU,KCU,FLOC,HAO*BellinhpH,FLOC,HAO",g.m-3.d-1,,
58,r58,Flocculation of colloidal biodegradable substrate with polymers,,,,-1.0,1.0,,,,,,,,,,,,,,,,,,,,,,,"iN,CB",,,,,,"iP,CB",,,,,,,,,,,,,,,,,,,,,,,,,,,,,,,,,,,,,,,,,,,,,,,,,,,,"rateFLOC,CB,polymer",g.m-3.d-1,,Polymer
59,r59,Flocculation of colloidal unbiodegradable organics with polymers,,,,,,,,-1.0,1.0,,,,,,,,,,,,,,,,,,,,,"iN,CU",,,,,,"iP,CU",,,,,,,,,,,,,,,,,,,,,,,,,,,,,,,,,,,,,,,,,,,,,,,,,,"rateFLOC,CU,polymer",g.m-3.d-1,,Polymer
60,r60,XB hydrolysis,,1,,,-1.0,,,,,,,,,,,,,,,,,,,,,,"XN,B/XB","-XN,B/XB",,,,,"XP,B/XB","-XP,B/XB",,,,,,,,,,,,,,,,,,,,,,,,,,,,,,,,,,,,,,,,,,,,,,,,,,,,"qHYD,XB,T*XHET*(LogsatXHET,HYD,lim*MRsatXB,XHET,KHYD+LoginhXHET,HYD,lim*MsatXB,KXB,HYD)*(MsatSO2,KO2,OHO+ηHYD,anox*(MsatSNO2,KNO2,OHO+MsatSNO3,KNO3,OHO*MinhSNO2,KNO2,OHO)*MinhSO2,KO2,OHO+ηHYD,ana*MinhSNO3,KNO3,OHO*MinhSNO2,KNO2,OHO*MinhSO2,KO2,OHO)",g.m-3.d-1,,
61,r61,"XB,e hydrolysis",,1,,,,-1,,,,,,,,,,,,,,,,,,,,,"XN,Be/XB,e",,"-XN,Be/XB,e",,,,"XP,Be/XB,e",,"-XP,Be/XB,e",,,,,"iCIT,XBe-iCIT,SB",-iINORG,"iINORG*(1-iCa,INORG*(AMCa+2*AMCl)/AMCa-iMg,INORG*(AMMg+2*AMCl)/AMMg)*fNa","iINORG*(iCa,INORG*(2*AMCl)/AMCa+iMg,INORG*(2*AMCl)/AMMg)+iINORG*(1-iCa,INORG*(AMCa+2*AMCl)/AMCa-iMg,INORG*(AMMg+2*AMCl)/AMMg)*(1-fNa)","iINORG*iCa,INORG","iINORG*iMg,INORG",,,,,,,,,,,,,,,,,,,,,,,,,,,,,,,,,,,,,,,,,"qHYD,XBe,T*XHET*(LogsatXHET,HYD,lim*MRsatXBe,XHET,KHYD+LoginhXHET,HYD,lim*MsatXBe,KXBe,HYD)*(MsatSO2,KO2,OHO+ηHYD,anox*(MsatSNO2,KNO2,OHO+MsatSNO3,KNO3,OHO*MinhSNO2,KNO2,OHO)*MinhSO2,KO2,OHO+ηHYD,ana*MinhSNO3,KNO3,OHO*MinhSNO2,KNO2,OHO*MinhSO2,KO2,OHO)",g.m-3.d-1,,
62,r62,"SN,B ammonification",,,,,,,,,,,,,,,,,,,,,,,1,,,,-1,,,,,,,,,,,,,,,,,,,,,,,,,,,,,,,,,,,,,,,,,,,,,,,,,,,,,,,,,,,"qAMMON,T*SN,B*XHET",g.m-3.d-1,,
63,r63,"SP,B conversion to PO4",,,,,,,,,,,,,,,,,,,,,,,,,,,,,,,1,,-1,,,,,,,,,,,,,,,,,,,,,,,,,,,,,,,,,,,,,,,,,,,,,,,,,,,,,"qSPB,T*SP,B*XHET",g.m-3.d-1,,
64,r64,XE conversion,,,,,1.0,,,,,,,-1,,,,,,,,,,,,,,,,"iN,XE",,,,,,"iP,BIO",,,,,,"iCIT,BIO-iCIT,SB",,,,,,,,,,,,,,,,,,,,,,,,,,,,,,,,,,,,,,,,,,,,,,"qXE,T*XE",g.m-3.d-1,,
65,r65,"XE,ana hydrolysis",,1,,,,,,,,,,,-1,,,,,,,,,,,,,,,"iN,XE",,,,,,"iP,BIO",,,,,,"iCIT,BIO-iCIT,SB",,,,,,,,,,,,,,,,,,,,,,,,,,,,,,,,,,,,,,,,,,,,,,"qHYD,XBe,T*XHET*(LogsatXHET,HYD,lim*MRsatXEana,XHET,KHYD+LoginhXHET,HYD,lim*MsatXEana,KXEana,HYD)*(MsatSO2,KO2,OHO+ηHYD,anox*(MsatSNO2,KNO2,OHO+MinhSNO2,KNO2,OHO*MsatSNO3,KNO3,OHO)*MinhSO2,KO2,OHO)",g.m-3.d-1,,
66,r66,XU conversion,,,,,1.0,,,,-1.0,,,,,,,,,,,,,,,,,,,"XN,U/XU",,"-XN,U/XU",,,,"XP,U/XU",,"-XP,U/XU",,,,,,,,,,,,,,,,,,,,,,,,,,,,,,,,,,,,,,,,,,,,,,,,,,"qXU,T*XU*MsatXU,KXU",g.m-3.d-1,,
67,r67,Anaerobic methanol conversion,2/3,,-1,,,,,,,,,,,,,,,,,,,,,,,,,,,,,,,,,,,,1/3,"iCIT,MEOL-iCIT,VFA*2/3",,,,,,,,,,,,,,,,,,,,,,,,,,,,,,,,,,,,,,,,,,,,,,"qMEOL*SMEOL*MsatSCO2,KCO2,BIO*MinhSO2,KO2,OHO*MinhSNO3,KNO3,OHO*MinhSNO2,KNO2,OHO",g.m-3.d-1,2CH3OH -> CH3COOH + 2H2,
68,r68,NO2 assimilative reduction,,,,,,,,,,,,,,-EEQNO2*XOHO/XBIO,-EEQNO2*XCASTO/XBIO,-EEQNO2*XMEOLO/XBIO,-EEQNO2*XAOB/XBIO,-EEQNO2*XNOB/XBIO,-EEQNO2*XAMX/XBIO,-EEQNO2*XAMETO/XBIO,-EEQNO2*XHMETO/XBIO,-EEQNO2*XALGAE/XBIO,"1+(iN,BIO*EEQNO2*(XBIO-XALGAE)+iN,ALGAE*EEQNO2*XALGAE)/XBIO",-1,,,,,,,"(iP,BIO*EEQNO2*(XBIO-XALGAE)+iP,ALGAE*EEQNO2*XALGAE)/XBIO",,,,,,,,,"(iCIT,BIO*EEQNO2*(XBIO-XALGAE)+iCIT,ALGAE*EEQNO2*XALGAE)/XBIO",,,,,,,,,,,,,,,,,,,,,,,,,,,,,,,,,,,,,,,,,,,,,,"qASSIM,T*XBIO*MsatSNO2,KNO2,ASSIM*MinhSNHx,KiNHx,ASSIM",g.m-3.d-1,,
69,r69,NO3 assimilative reduction,,,,,,,,,,,,,,-EEQNO3*XOHO/XBIO,-EEQNO3*XCASTO/XBIO,-EEQNO3*XMEOLO/XBIO,-EEQNO3*XAOB/XBIO,-EEQNO3*XNOB/XBIO,-EEQNO3*XAMX/XBIO,-EEQNO3*XAMETO/XBIO,-EEQNO3*XHMETO/XBIO,-EEQNO3*XALGAE/XBIO,"1+(iN,BIO*EEQNO3*(XBIO-XALGAE)+iN,ALGAE*EEQNO3*XALGAE)/XBIO",,-1,,,,,,"(iP,BIO*EEQNO3*(XBIO-XALGAE)+iP,ALGAE*EEQNO3*XALGAE)/XBIO",,,,,,,,,"(iCIT,BIO*EEQNO3*(XBIO-XALGAE)+iCIT,ALGAE*EEQNO3*XALGAE)/XBIO",,,,,,,,,,,,,,,,,,,,,,,,,,,,,,,,,,,,,,,,,,,,,,"qASSIM,T*XBIO*MsatSNO3,KNO3,ASSIM*MinhSNO2,KNO2,ASSIM*MinhSNHx,KiNHx,ASSIM",g.m-3.d-1,,
70,r70,"Aging of active HFO,H",,,,,,,,,,,,,,,,,,,,,,,,,,,,,,,,,,,,,,,,,,,,,,,,"-XHFO,H/(XHFO,H+XHFO,H,P)","XHFO,H/(XHFO,H+XHFO,H,P)",,"-XHFO,H,P/(XHFO,H+XHFO,H,P)",,"XHFO,H,P/(XHFO,H+XHFO,H,P)",,,,,,,,,,,,,,,,,,,,,,,,,,,,,,,,,"qHFOH,AGING *(XHFO,H+XHFO,H,P)",g.m-3.d-1,,
71,r71,"Aging of active HFO,L",,,,,,,,,,,,,,,,,,,,,,,,,,,,,,,,,,,,,,,,,,,,,,,,,"-XHFO,L/(XHFO,L+XHFO,L,P)","XHFO,L/(XHFO,L+XHFO,L,P)",,"-XHFO,L,P/(XHFO,L+XHFO,L,P)",,"XHFO,L,P/(XHFO,L+XHFO,L,P)",,,,,,,,,,,,,,,,,,,,,,,,,,,,,,,,"qHFOL,AGING *(XHFO,L+XHFO,L,P)",g.m-3.d-1,,
72,r72,"Fast binding of P on active HFO,H",,,,,,,,,,,,,,,,,,,,,,,,,,,,,,,-1,,,,,,,,,,,,,,,,,"-1/(ASFHFO,H*(AMP/AMFe))",,,"1/(ASFHFO,H*(AMP/AMFe))",,,,,,,,,,,,,,,,,,,,,,,,,,,,,,,,,,,"qP,HFO,COPREC*XHFO,H*MsatSPO4,KP,HFO,BIND",g.m-3.d-1,,
73,r73,"Slow binding of P on active HFO,L",,,,,,,,,,,,,,,,,,,,,,,,,,,,,,,-1,,,,,,,,,,,,,,,,,,"-1/(ASFHFO,L*(AMP/AMFe))",,,"1/(ASFHFO,L*(AMP/AMFe))",,,,,,,,,,,,,,,,,,,,,,,,,,,,,,,,,,"qP,HFO,BIND*XHFO,L*MsatSPO4,KP,HFO,BIND",g.m-3.d-1,,
74,r74,"Desorption of P from XHFO,H,P",,,,,,,,,,,,,,,,,,,,,,,,,,,,,,,"(ASFHFO,H*(AMP/AMFe))",,,,,,,,,,,,,,,,,1,,,-1,,,,,,,,,,,,,,,,,,,,,,,,,,,,,,,,,,,"qHFOH,DESORP*XHFO,H,P*MinhSPO4,KiP,HFO,DESORP",g.m-3.d-1,,
75,r75,"Desorption of P from XHFO,L,P",,,,,,,,,,,,,,,,,,,,,,,,,,,,,,,"(ASFHFO,L*(AMP/AMFe))",,,,,,,,,,,,,,,,,,1,,,-1,,,,,,,,,,,,,,,,,,,,,,,,,,,,,,,,,,"qHFOL,DESORP*XHFO,L,P*MinhSPO4,KiP,HFO,DESORP",g.m-3.d-1,,
76,r76,"Dissolution of P from XHFO,H,P,old and XHFO,L,P,old",,,,,,,,,,,,,,,,,,,,,,,,,,,,,,,"(ASFHFO,H*(AMP/AMFe))*XHFO,H,P,old/(XHFO,H,P,old+XHFO,L,P,old)+(ASFHFO,L*(AMP/AMFe))*XHFO,L,P,old/(XHFO,H,P,old+XHFO,L,P,old)",,,,,,,,,,,,,,,,,,,1,,,"-XHFO,H,P,old/(XHFO,H,P,old+XHFO,L,P,old)","-XHFO,L,P,old/(XHFO,H,P,old+XHFO,L,P,old)",,,,,,,,,,,,,,,,,,,,,,,,,,,,,,,,"qHFO,DISS*(XHFO,H,P,old+XHFO,L,P,old)*LoginhSPO4,KiP,HFO,DISS",g.m-3.d-1,,
77,r77,Reduction of XHFO with organic matter,-EEQFe2*SVFA/(SB+SVFA),-EEQFe2*SB/(SB+SVFA),,,,,,,,,,,,,,,,,,,,,,,,,,,,,"XHFO,P/XHFO",,,,,,,,,"iCIT,SB*EEQFe2*SB/(SB+SVFA)+iCIT,VFA*EEQFe2*SVFA/(SB+SVFA)",,,,,,,1,"-XHFO,H/XHFO","-XHFO,L/XHFO","-XHFO,old/XHFO","-XHFO,H,P/XHFO","-XHFO,L,P/XHFO","-XHFO,H,P,old/XHFO","-XHFO,L,P,old/XHFO",,,,,,,,,,,,,,,,,,,,,,,,,,,,,,,,"qHFO,RED,T * XHFO*LoginhORP,HFO*(MsatSB,KSB+MsatSVFA,KVFA)",g.m-3.d-1,,
78,r78,Oxidation of Fe2+ ,,,,,,,,,,,,,,,,,,,,,,,,,,,,,,,,,,,,,-EEQFe2,,,,,,,,,,-1,1,,,,,,,,,,,,,,,,,,,,,,,,,,,,,,,,,,,,,,"qFe2,OX,T*SFe2*MsatSO2,KO2,OHO",g.m-3.d-1,,
79,r79,"Aging of active HAO,H",,,,,,,,,,,,,,,,,,,,,,,,,,,,,,,,,,,,,,,,,,,,,,,,,,,,,,,"-XHAO,H/(XHAO,H+XHAO,H,P)","XHAO,H/(XHAO,H+XHAO,H,P)",,"-XHAO,H,P/(XHAO,H+XHAO,H,P)",,"XHAO,H,P/(XHAO,H+XHAO,H,P)",,,,,,,,,,,,,,,,,,,,,,,,,,"qHAOH,AGING *(XHAO,H+XHAO,H,P)",g.m-3.d-1,,
80,r80,"Aging of active HAO,L",,,,,,,,,,,,,,,,,,,,,,,,,,,,,,,,,,,,,,,,,,,,,,,,,,,,,,,,"-XHAO,L/(XHAO,L+XHAO,L,P)","XHAO,L/(XHAO,L+XHAO,L,P)",,"-XHAO,L,P/(XHAO,L+XHAO,L,P)",,"XHAO,L,P/(XHAO,L+XHAO,L,P)",,,,,,,,,,,,,,,,,,,,,,,,,"qHAOL,AGING *(XHAO,L+XHAO,L,P)",g.m-3.d-1,,
81,r81,"Fast binding of P on active HAO,H",,,,,,,,,,,,,,,,,,,,,,,,,,,,,,,-1,,,,,,,,,,,,,,,,,,,,,,,,"-1/(ASFHAO,H*(AMP/AMAl))",,,"1/(ASFHAO,H*(AMP/AMAl))",,,,,,,,,,,,,,,,,,,,,,,,,,,,"qP,HAO,COPREC*XHAO,H*MsatSPO4,KP,HAO,BIND",g.m-3.d-1,,
82,r82,"Slow binding of P on active HAO,L",,,,,,,,,,,,,,,,,,,,,,,,,,,,,,,-1,,,,,,,,,,,,,,,,,,,,,,,,,"-1/(ASFHAO,L*(AMP/AMAl))",,,"1/(ASFHAO,L*(AMP/AMAl))",,,,,,,,,,,,,,,,,,,,,,,,,,,"qP,HAO,BIND*XHAO,L*MsatSPO4,KP,HAO,BIND",g.m-3.d-1,,
83,r83,"Desorption of P from XHAO,H,P",,,,,,,,,,,,,,,,,,,,,,,,,,,,,,,"(ASFHAO,H*(AMP/AMAl))",,,,,,,,,,,,,,,,,,,,,,,,1,,,-1,,,,,,,,,,,,,,,,,,,,,,,,,,,,"qHAOH,DESORP*XHAO,H,P*MinhSPO4,KiP,HAO,DESORP",g.m-3.d-1,,
84,r84,"Desorption of P from XHAO,L,P",,,,,,,,,,,,,,,,,,,,,,,,,,,,,,,"(ASFHAO,L*(AMP/AMAl))",,,,,,,,,,,,,,,,,,,,,,,,,1,,,-1,,,,,,,,,,,,,,,,,,,,,,,,,,,"qHAOL,DESORP*XHAO,L,P*MinhSPO4,KiP,HAO,DESORP",g.m-3.d-1,,
85,r85,"Dissolution of P from XHAO,H,P,old and XHAO,L,P,old",,,,,,,,,,,,,,,,,,,,,,,,,,,,,,,"(ASFHAO,H*(AMP/AMAl))*XHAO,H,P,old/(XHAO,H,P,old+XHAO,L,P,old)+(ASFHAO,L*(AMP/AMAl))*XHAO,L,P,old/(XHAO,H,P,old+XHAO,L,P,old)",,,,,,,,,,,,,,,,,,,,,,,,,,1,,,"-XHAO,H,P,old/(XHAO,H,P,old+XHAO,L,P,old)","-XHAO,L,P,old/(XHAO,H,P,old+XHAO,L,P,old)",,,,,,,,,,,,,,,,,,,,,,,,,"qHAO,DISS*(XHAO,H,P,old+XHAO,L,P,old)*LoginhSPO4,KiP,HAO,DISS",g.m-3.d-1,,
86,r86,Calcium carbonate precipitation,,,,,,,,,,,,,,,,,,,,,,,,,,,,,,,,,,,,,,,,-AMC/MMCaCO3,,,,-AMCa/MMCaCO3,,,,,,,,,,,,,,,,,,1.0,,,,,,,,,,,,,,,,,,,,,,,,qCaCO3*PrecipDrivingForceCaCO3^2,g.m-3.d-1,CaCO3,
87,r87,Amorphous calcium phosphate precipitation,,,,,,,,,,,,,,,,,,,,,,,,,,,,,,,-2*AMP/MMACP,,,,,,,,,,,,,-3*AMCa/MMACP,,,,,,,,,,,,,,,,,,,1.0,,,,,,,,,,,,,,,,,,,,,,,qACP*PrecipDrivingForceACP^2,g.m-3.d-1,Ca3(PO4)2 * 4H2O,
88,r88,Brushite precipitation,,,,,,,,,,,,,,,,,,,,,,,,,,,,,,,-AMP/MMBSH,,,,,,,,,,,,,-AMCa/MMBSH,,,,,,,,,,,,,,,,,,,,1.0,,,,,,,,,,,,,,,,,,,,,,qBSH*PrecipDrivingForceBSH^2,g.m-3.d-1,CaHPO4 * 2H2O,
89,r89,Struvite precipitation,,,,,,,,,,,,,,,,,,,,,,,-AMN/MMSTR,,,,,,,,-AMP/MMSTR,,,,,,,,,,,,,,-AMMg/MMSTR,,,,,,,,,,,,,,,,,,,,1.0,,,,,,,,,,,,,,,,,,,,,qSTR*PrecipDrivingForceSTR^3,g.m-3.d-1,MgNH4PO4 * 6H2O,
90,r90,Vivianite precipitation,,,,,,,,,,,,,,,,,,,,,,,,,,,,,,,-2*AMP/MMVivi,,,,,,,,,,,,,,,,-3*AMFe/MMVivi,,,,,,,,,,,,,,,,,,,1.0,,,,,,,,,,,,,,,,,,,,qVivi*PrecipDrivingForceVivi^2,g.m-3.d-1,Fe3(PO4)2 * 8H2O,
91,r91,PFOA sorption,,,,,,,,,,,,,,,,,,,,,,,,,,,,,,,,,,,,,,,,,,,,,,,,,,,,,,,,,,,,,,,,,,,-1.0,1.0,,,,,,,,,,,,,,,,,,"qPFOA,SORP*(SPFOA - (XPFOA/XVSS)*(cg,kg*cmg,g)/KOC,PFOA,EQ)",g.m-3.d-1,,PFAS
92,r92,PFOS sorption,,,,,,,,,,,,,,,,,,,,,,,,,,,,,,,,,,,,,,,,,,,,,,,,,,,,,,,,,,,,,,,,,,,,,-1.0,1.0,,,,,,,,,,,,,,,,"qPFOS,SORP*(SPFOS - (XPFOS/XVSS)*(cg,kg*cmg,g)/KOC,PFOS,EQ)",g.m-3.d-1,,PFAS
93,r93,Elimination of surfactants,,,,,,,,,,,,,,,,,,,,,,,,,,,,,,,,,,,,,,,,,,,,,,,,,,,,,,,,,,,,,,,,,,,,,,,,1.0,,,,,,,,,,,,,,"qALPHA,O2*XVSS*dampALPHA*(SALPHA,sat-SALPHA)",d-1,,
94,r94,Carbon dioxide gas transfer - bubbles,,,,,,,,,,,,,,,,,,,,,,,,,,,,,,,,,,,,,,,,1,,,,,,,,,,,,,,,,,,,,,,,,,,,,,,,,,,-1.0,,,,,,,,,,,,"ktransfer,GCO2,bub",g.m-3.d-1,,
95,r95,Methane gas transfer - bubbles,,,,,,,,,,,,,,,,,,,,,,,,,,,,,,,,,,,,,,1,,,,,,,,,,,,,,,,,,,,,,,,,,,,,,,,,,,,,-1.0,,,,,,,,,,,"kLaGCH4,bub*(SGCH4,bub,sat - SCH4)",g.m-3.d-1,,
96,r96,Hydrogen gas transfer - bubbles,,,,,,,,,,,,,,,,,,,,,,,,,,,,,,,,,,,,,,,1,,,,,,,,,,,,,,,,,,,,,,,,,,,,,,,,,,,,,-1.0,,,,,,,,,,"kLaGH2,bub*(SGH2,bub,sat - SH2)",g.m-3.d-1,,
97,r97,Oxygen gas transfer - bubbles,,,,,,,,,,,,,,,,,,,,,,,,,,,,,,,,,,,,,1,,,,,,,,,,,,,,,,,,,,,,,,,,,,,,,,,,,,,,,,-1.0,,,,,,,,,"kLaGO2,bub*(SGO2,bub,sat - SO2)",g.m-3.d-1,,
98,r98,Ammonia absorption - bubbles,,,,,,,,,,,,,,,,,,,,,,,1,,,,,,,,,,,,,,,,,,,,,,,,,,,,,,,,,,,,,,,,,,,,,,,,,,,,,,,-1.0,,,,,,,,"ktransfer,GNH3,bub",g.m-3.d-1,,
99,r99,Nitrogen gas transfer - bubbles,,,,,,,,,,,,,,,,,,,,,,,,,,1,,,,,,,,,,,,,,,,,,,,,,,,,,,,,,,,,,,,,,,,,,,,,,,,,,,,,-1.0,,,,,,,"kLaGN2,bub*(SGN2,bub,sat - SN2)",g.m-3.d-1,,
100,r100,Carbon dioxide gas transfer - surface,,,,,,,,,,,,,,,,,,,,,,,,,,,,,,,,,,,,,,,,1,,,,,,,,,,,,,,,,,,,,,,,,,,,,,,,,,,,,,,,,-Δatm,,,,,,"ktransfer,GCO2,sur",g.m-3.d-1,,
101,r101,Methane gas transfer - surface,,,,,,,,,,,,,,,,,,,,,,,,,,,,,,,,,,,,,,1,,,,,,,,,,,,,,,,,,,,,,,,,,,,,,,,,,,,,,,,,,,-Δatm,,,,,"kLaGCH4,sur*(SGCH4,sur,sat - SCH4)",g.m-3.d-1,,
102,r102,Hydrogen gas transfer - surface,,,,,,,,,,,,,,,,,,,,,,,,,,,,,,,,,,,,,,,1,,,,,,,,,,,,,,,,,,,,,,,,,,,,,,,,,,,,,,,,,,,-Δatm,,,,"kLaGH2,sur*(SGH2,sur,sat - SH2)",g.m-3.d-1,,
103,r103,Oxygen gas transfer - surface,,,,,,,,,,,,,,,,,,,,,,,,,,,,,,,,,,,,,1,,,,,,,,,,,,,,,,,,,,,,,,,,,,,,,,,,,,,,,,,,,,,,-Δatm,,,"kLaGO2,sur*(SGO2,sur,sat - SO2)",g.m-3.d-1,,
104,r104,Ammonia absorption - surface,,,,,,,,,,,,,,,,,,,,,,,1,,,,,,,,,,,,,,,,,,,,,,,,,,,,,,,,,,,,,,,,,,,,,,,,,,,,,,,,,,,,,-Δatm,,"ktransfer,GNH3,sur",g.m-3.d-1,,
105,r105,Nitrogen gas transfer - surface,,,,,,,,,,,,,,,,,,,,,,,,,,1,,,,,,,,,,,,,,,,,,,,,,,,,,,,,,,,,,,,,,,,,,,,,,,,,,,,,,,,,,,-Δatm,"kLaGN2,sur*(SGN2,sur,sat - SN2)",g.m-3.d-1,,
